id,medioPago
dgallatlypp-_.,RECIBO
abrainix-_.,RECIBO
blevings6z-_.,RECIBO
jbowland1r-_.,TCREDITO
droddickl2-_.,TCREDITO
scastp3-_.,TCREDITO
mcranmerei3-_.,TCREDITO
rtrevethani9-_.,PINPAGO
jcunningtonge-_.,PINPAGO
uportman6b-_.,PINPAGO
rarton9l-_.,TCREDITO
rlines4l-_.,PINPAGO
bitter8q-_.,TCREDITO
lmutimeri6-_.,RECIBO
rpassmorea5-_.,TCREDITO
swhistancer0-_.,RECIBO
rdeftied4-_.,PINPAGO
ntandey3l-_.,RECIBO
dlanyonj7-_.,PINPAGO
bgilkes43-_.,TCREDITO
chanbyg3-_.,TCREDITO
jcoope9r-_.,RECIBO
hsaulterq9-_.,TCREDITO
ofarmanig-_.,PINPAGO
tdunbabinc6-_.,PINPAGO
cgellettl0-_.,PINPAGO
gkirkcz-_.,TDEBITO
fmarietono2-_.,TCREDITO
mflewcb-_.,TCREDITO
bkristof6m-_.,TCREDITO
pdunphyb7-_.,TCREDITO
arazzelljn-_.,TCREDITO
alukacsl4-_.,RECIBO
ascuddersgn-_.,PINPAGO
sdearedt-_.,TDEBITO
afinders13-_.,TCREDITO
mtolle3x-_.,PINPAGO
kreacekx-_.,TCREDITO
mjoist3m-_.,TCREDITO
jpetruskevichaw-_.,RECIBO
lwillacot4z-_.,PINPAGO
abaudry3z-_.,TCREDITO
kmabbotgo-_.,TDEBITO
mlambornk2-_.,RECIBO
jnelthorpel1-_.,TDEBITO
rdaddow5v-_.,TCREDITO
lbrookeral-_.,TDEBITO
lmutimeri6-_.,PINPAGO
smaccurleyn8-_.,TDEBITO
ajeayespu-_.,TDEBITO
scampaie-_.,PINPAGO
twillowaylg-_.,RECIBO
cridolfo6o-_.,RECIBO
sjollyek9-_.,TDEBITO
nmclagaina8-_.,TDEBITO
tkaleybe-_.,TDEBITO
mzink55-_.,RECIBO
tgoldsterh7-_.,RECIBO
dgavinqf-_.,TCREDITO
lfolley4c-_.,PINPAGO
esuttabyfs-_.,PINPAGO
lstennerlf-_.,TDEBITO
kbelvina7-_.,RECIBO
landersen93-_.,TDEBITO
nmcloneypv-_.,RECIBO
asangra7u-_.,RECIBO
owillatts1p-_.,PINPAGO
aeccottmf-_.,TDEBITO
kmccroryae-_.,RECIBO
elimpkinpf-_.,TCREDITO
athalmann9g-_.,PINPAGO
jnewsone8-_.,PINPAGO
smcmeylerrh-_.,RECIBO
cillidgehb-_.,PINPAGO
lfeltoenv-_.,TDEBITO
scampaie-_.,PINPAGO
areubelr1-_.,TCREDITO
lfinneranor-_.,TDEBITO
kblythed8-_.,RECIBO
yeveringhaml8-_.,TCREDITO
amactrusteyb8-_.,RECIBO
browanqk-_.,PINPAGO
aseagrove6y-_.,RECIBO
dwoloschin56-_.,RECIBO
sbonwellg5-_.,RECIBO
bmeggisonaq-_.,RECIBO
hvanderplas8d-_.,TCREDITO
bitter8q-_.,RECIBO
tberends38-_.,TCREDITO
dkissfo-_.,TDEBITO
hmaccurtain23-_.,TDEBITO
ajaumetav-_.,PINPAGO
cillidgehb-_.,RECIBO
sstabbinsrj-_.,PINPAGO
pcasarilimj-_.,PINPAGO
gsedgerq8-_.,TDEBITO
bkeeves5z-_.,TCREDITO
kscriven84-_.,TDEBITO
fivasechko8k-_.,RECIBO
lbrennenh5-_.,PINPAGO
wcarloo3-_.,RECIBO
toldey2b-_.,TDEBITO
tabelson5p-_.,TDEBITO
iokennedy4w-_.,TDEBITO
vjorgefd-_.,TCREDITO
fmcquaide42-_.,RECIBO
emyriep1-_.,RECIBO
lbrennenh5-_.,TCREDITO
cridolfo6o-_.,TDEBITO
rkeohanelm-_.,RECIBO
hmaccurtain23-_.,PINPAGO
llangdalem8-_.,TDEBITO
hginmando-_.,TCREDITO
mhannaford4k-_.,RECIBO
nrutterrc-_.,RECIBO
mkeach37-_.,TDEBITO
nmcbeithk-_.,TCREDITO
ibertn4-_.,PINPAGO
gbroggettipl-_.,PINPAGO
tgoodgep9-_.,PINPAGO
slabromb1-_.,TCREDITO
nflynney-_.,TCREDITO
mshaldersdj-_.,RECIBO
bsnassellnx-_.,TCREDITO
bbrettorce-_.,PINPAGO
jbrome2g-_.,RECIBO
sgawneof-_.,TDEBITO
fshynn96-_.,RECIBO
ebloggeb-_.,TDEBITO
dbeeremt-_.,RECIBO
acollerannb-_.,TDEBITO
cbuffham3i-_.,RECIBO
njaycocksax-_.,TDEBITO
mturneaux1l-_.,RECIBO
kgoodleyqm-_.,TDEBITO
tmea77-_.,TCREDITO
scowlinr4-_.,TDEBITO
ddivall5b-_.,PINPAGO
mblankman9v-_.,RECIBO
ahalpin4o-_.,TCREDITO
hchelleyop-_.,RECIBO
twilsteadgl-_.,RECIBO
chanbyg3-_.,PINPAGO
khartwright76-_.,PINPAGO
nmclagaina8-_.,PINPAGO
tfattori6i-_.,TDEBITO
bogerjq-_.,PINPAGO
mtathamre-_.,TCREDITO
ypinckney2a-_.,TCREDITO
lgiamittinf-_.,RECIBO
hmalsterb3-_.,RECIBO
rinkinfg-_.,PINPAGO
hdenshamu-_.,PINPAGO
fmcquaide42-_.,TCREDITO
pcolemq-_.,TDEBITO
vswatonj1-_.,TCREDITO
sbonwellg5-_.,PINPAGO
dburghillhq-_.,PINPAGO
gdemeyer7z-_.,TCREDITO
emadeley60-_.,RECIBO
gdunawayms-_.,TCREDITO
cbestimanhi-_.,RECIBO
egoodingedm-_.,PINPAGO
oblodget40-_.,RECIBO
tkaleybe-_.,TDEBITO
drydeardqe-_.,TDEBITO
bcunde3h-_.,TCREDITO
lcasse4t-_.,RECIBO
gszymonowiczd7-_.,PINPAGO
lstennerlf-_.,PINPAGO
jbowland1r-_.,RECIBO
fkupker30-_.,TDEBITO
caspinalf-_.,TCREDITO
bkilbey44-_.,TCREDITO
jtofftspz-_.,TDEBITO
bogerjq-_.,TDEBITO
dpim4g-_.,TCREDITO
lfolley4c-_.,TCREDITO
areubelr1-_.,PINPAGO
wgartshore9n-_.,RECIBO
kbeddoeij-_.,PINPAGO
hdowse1k-_.,TCREDITO
browanqk-_.,RECIBO
fmarietono2-_.,PINPAGO
cdrexel70-_.,RECIBO
bcoggerm-_.,RECIBO
bmeggisonaq-_.,TDEBITO
pbale4m-_.,TDEBITO
rlaughlanep-_.,TCREDITO
gridgwayft-_.,RECIBO
flearmanmz-_.,TDEBITO
gcastellettiif-_.,TDEBITO
eohanvey9-_.,RECIBO
jmeldrum54-_.,TCREDITO
greadyli-_.,RECIBO
tolivazzik0-_.,PINPAGO
rcasseq5-_.,TDEBITO
zgarstangmd-_.,TDEBITO
mmicklewright2h-_.,RECIBO
bhattigan27-_.,TCREDITO
jtubby5u-_.,RECIBO
egoodrumeh-_.,TCREDITO
rinkinfg-_.,PINPAGO
cquartonkg-_.,TDEBITO
lgoolylw-_.,TCREDITO
toguz82-_.,PINPAGO
ibradnickn3-_.,PINPAGO
tkevisbm-_.,TCREDITO
lfittised-_.,RECIBO
ppetrenjb-_.,TDEBITO
aesilmoni2-_.,PINPAGO
dloinesiy-_.,RECIBO
sgynnejo-_.,RECIBO
mtathamre-_.,RECIBO
nlukes1q-_.,PINPAGO
sgynnejo-_.,PINPAGO
stappingtonev-_.,TCREDITO
mbezemerr8-_.,RECIBO
mtathamre-_.,TDEBITO
jleggatehc-_.,TDEBITO
ksambalsf4-_.,PINPAGO
hrickerdew-_.,TDEBITO
schevins6v-_.,RECIBO
sjollyek9-_.,TCREDITO
eosbanf3-_.,TCREDITO
chutchencebs-_.,TDEBITO
vjorgefd-_.,TDEBITO
ibilbreybv-_.,RECIBO
jmayceydz-_.,PINPAGO
mdehnow-_.,RECIBO
jfiguresds-_.,PINPAGO
lnobriga5g-_.,TCREDITO
gdemeyer7z-_.,TDEBITO
gmaryottfn-_.,TCREDITO
bkubickale-_.,RECIBO
vjorgefd-_.,RECIBO
ccoldtart7a-_.,RECIBO
fkupker30-_.,TCREDITO
lgazzardj9-_.,TDEBITO
lgoosnellmm-_.,TCREDITO
mhansman8r-_.,PINPAGO
oglasspoolnu-_.,TDEBITO
kstadenln-_.,RECIBO
lgazzardj9-_.,TCREDITO
shallows49-_.,PINPAGO
bkristof6m-_.,TDEBITO
aromaynesrd-_.,TCREDITO
agreethamgu-_.,PINPAGO
fraistonpi-_.,TCREDITO
bcoggerm-_.,RECIBO
lweeddb-_.,TDEBITO
ephetteon-_.,RECIBO
dblemenf6-_.,TCREDITO
lcrichtenkc-_.,PINPAGO
obeavors6d-_.,TCREDITO
agillow7l-_.,TDEBITO
mduiguidf2-_.,RECIBO
qtantiaj-_.,TCREDITO
smaccurleyn8-_.,RECIBO
aeastgateh9-_.,TCREDITO
rbourhillfz-_.,TCREDITO
chanbyg3-_.,TDEBITO
sgawneof-_.,RECIBO
lstennerlf-_.,TDEBITO
svaggscv-_.,TCREDITO
mgosenellom-_.,RECIBO
gbroggettipl-_.,TCREDITO
sbaynhamez-_.,PINPAGO
wbuttnerb9-_.,TDEBITO
bhattigan27-_.,PINPAGO
dhrycek2f-_.,TDEBITO
adumphries4i-_.,TCREDITO
jbrennenn5-_.,TDEBITO
nrickarseylv-_.,TCREDITO
nmcbeithk-_.,PINPAGO
gscoulerm0-_.,PINPAGO
silbert71-_.,PINPAGO
elimpkinpf-_.,TDEBITO
jblackahke-_.,PINPAGO
mnorridge9q-_.,TDEBITO
avannsqx-_.,PINPAGO
rarton9l-_.,RECIBO
kdobererml-_.,TDEBITO
fcopoziojp-_.,RECIBO
jlauks74-_.,TCREDITO
dlundbk-_.,TCREDITO
gdemeyer7z-_.,TCREDITO
tjordansonfy-_.,RECIBO
dstookesan-_.,TDEBITO
dhrycek2f-_.,TCREDITO
bdiddamsf5-_.,RECIBO
rmccullough4h-_.,RECIBO
bbrettorce-_.,PINPAGO
ablacksell5f-_.,TDEBITO
ebiddle51-_.,TCREDITO
amactrusteyb8-_.,RECIBO
docodihie6k-_.,RECIBO
gheavyd3-_.,TDEBITO
tpiaggianz-_.,RECIBO
mholliganrn-_.,TCREDITO
tseebertkk-_.,PINPAGO
wjuniferqi-_.,PINPAGO
sellinsf7-_.,PINPAGO
smcmeylerrh-_.,TCREDITO
ccoldtart7a-_.,PINPAGO
fpostins9a-_.,TCREDITO
dstookesan-_.,RECIBO
dlanyonj7-_.,TDEBITO
jmordeyd5-_.,TCREDITO
adunstallhm-_.,TDEBITO
acastrillo78-_.,PINPAGO
cchinnickfu-_.,TDEBITO
ajaumetav-_.,RECIBO
ftaffie7v-_.,TCREDITO
vlumsdon9m-_.,TDEBITO
gpinwellmo-_.,RECIBO
lfittised-_.,PINPAGO
bdequesneqv-_.,PINPAGO
jbolliverdp-_.,TCREDITO
azavatteroc2-_.,RECIBO
tleonardcr-_.,TDEBITO
sbonwellg5-_.,RECIBO
iokennedy4w-_.,PINPAGO
sshoardbp-_.,TCREDITO
nstockney5h-_.,TDEBITO
cstorylj-_.,RECIBO
flearmanmz-_.,RECIBO
tdecarolikq-_.,TCREDITO
sfolker4j-_.,RECIBO
mfullalovefv-_.,PINPAGO
llangdalem8-_.,TCREDITO
broussellgw-_.,RECIBO
avannsqx-_.,TDEBITO
grissonpr-_.,TDEBITO
cdannehllc-_.,RECIBO
elimpkinpf-_.,TDEBITO
jtubby5u-_.,TCREDITO
whollowsng-_.,RECIBO
tolivazzik0-_.,TCREDITO
afarrington16-_.,PINPAGO
qpilkintondd-_.,TCREDITO
adunstallhm-_.,PINPAGO
rgillion6-_.,TCREDITO
dfishbournegp-_.,PINPAGO
fmarietono2-_.,RECIBO
dbenitkn-_.,PINPAGO
vhoulson1n-_.,TDEBITO
swhistancer0-_.,TCREDITO
zgarstangmd-_.,TDEBITO
adudmeshki-_.,TDEBITO
tkharchinskilh-_.,TCREDITO
ameryettag-_.,PINPAGO
bgilkes43-_.,PINPAGO
koflynngv-_.,TDEBITO
rgroveham6q-_.,TCREDITO
ascorrerj0-_.,TCREDITO
lbensley9e-_.,TCREDITO
dmcquorkel87-_.,RECIBO
acovert9u-_.,PINPAGO
mblazirq-_.,PINPAGO
tpiaggianz-_.,PINPAGO
wrossbrookm3-_.,PINPAGO
sdurrantmi-_.,RECIBO
lharropfr-_.,PINPAGO
nibbette9-_.,TCREDITO
upeterkenka-_.,TCREDITO
kscandrett2s-_.,RECIBO
hmalenfantlz-_.,TDEBITO
mturneaux1l-_.,PINPAGO
sgawneof-_.,PINPAGO
lbrookeral-_.,RECIBO
oglasspoolnu-_.,TDEBITO
prostenhw-_.,PINPAGO
glasselle1f-_.,PINPAGO
ghellyarin-_.,PINPAGO
mstobie86-_.,TCREDITO
tdowjk-_.,PINPAGO
meyreem1-_.,RECIBO
mjudsongg-_.,TDEBITO
imichelmorer5-_.,TDEBITO
mpottery-_.,TDEBITO
sbaverstockk7-_.,TCREDITO
lfittised-_.,TDEBITO
dbelfitp5-_.,PINPAGO
mjudsongg-_.,PINPAGO
bbeamenth2-_.,TDEBITO
bnazarethoh-_.,RECIBO
cyieldinga6-_.,PINPAGO
dcharettejl-_.,RECIBO
cheyballb-_.,PINPAGO
jfiguresds-_.,TCREDITO
lladewigqn-_.,TCREDITO
vskaifeoq-_.,PINPAGO
cgriffiths75-_.,TCREDITO
sjiggen5o-_.,TDEBITO
vbyneth6-_.,RECIBO
mhansman8r-_.,PINPAGO
plowreynk-_.,TDEBITO
goverlandic-_.,RECIBO
dryson4v-_.,TDEBITO
lsysland7d-_.,TCREDITO
hhenrietra-_.,PINPAGO
mavramovich1s-_.,RECIBO
ijeffcock2n-_.,PINPAGO
acrunkhornp0-_.,PINPAGO
phunnisettfh-_.,TDEBITO
tfattori6i-_.,PINPAGO
bmarchetti1d-_.,RECIBO
rarton9l-_.,TDEBITO
jtubby5u-_.,RECIBO
jbrennenn5-_.,TDEBITO
jogeaneyat-_.,RECIBO
clesurfoo-_.,PINPAGO
awolford14-_.,PINPAGO
tmccarlie4n-_.,TCREDITO
gshelton9o-_.,PINPAGO
afarrington16-_.,TCREDITO
paston1o-_.,TDEBITO
fweinhamnl-_.,PINPAGO
jgubbins15-_.,TDEBITO
bkleis90-_.,PINPAGO
lmutimeri6-_.,PINPAGO
amactrusteyb8-_.,RECIBO
apurchesqz-_.,RECIBO
dgerritjw-_.,TDEBITO
ltrenouth3b-_.,TCREDITO
triddlerhl-_.,RECIBO
evalenteqg-_.,TCREDITO
pbergstrandp6-_.,TCREDITO
mandrioni48-_.,TCREDITO
griggeardkb-_.,TDEBITO
atolomeiex-_.,PINPAGO
ddivall5b-_.,RECIBO
rcasseq5-_.,RECIBO
mdarteh-_.,TCREDITO
fcursonj4-_.,PINPAGO
ebloggeb-_.,TCREDITO
pplaylepo-_.,TDEBITO
abernardt2m-_.,RECIBO
kblasiaka0-_.,RECIBO
ygiraultx-_.,PINPAGO
rcostainbg-_.,TDEBITO
glasselle1f-_.,PINPAGO
caspinalf-_.,TCREDITO
awolford14-_.,RECIBO
ajaumetav-_.,PINPAGO
silbert71-_.,TDEBITO
oblodget40-_.,TCREDITO
gshelton9o-_.,TDEBITO
pmaevelak8-_.,PINPAGO
ajarrettrb-_.,TDEBITO
kheaneyo1-_.,RECIBO
lladewigqn-_.,PINPAGO
ayeo29-_.,PINPAGO
kbarhims1t-_.,PINPAGO
igoldupv-_.,RECIBO
rlippifi-_.,RECIBO
atolomeiex-_.,RECIBO
gtutselllk-_.,PINPAGO
ggoddmanhv-_.,TCREDITO
lrivard4e-_.,RECIBO
ltieman21-_.,PINPAGO
pbonhanc8-_.,PINPAGO
cohanlonok-_.,TCREDITO
prostenhw-_.,RECIBO
dpim4g-_.,TDEBITO
oblackstoneam-_.,PINPAGO
mkeach37-_.,TDEBITO
rpyper3v-_.,TDEBITO
gfaddenmk-_.,PINPAGO
tolivazzik0-_.,PINPAGO
hmalenfantlz-_.,TDEBITO
sdoreward7o-_.,PINPAGO
kkeyworth65-_.,RECIBO
icranmere3r-_.,PINPAGO
mjoist3m-_.,TDEBITO
zevertoneq-_.,PINPAGO
cdelascy7i-_.,TDEBITO
dnadinjd-_.,TCREDITO
psheerind1-_.,PINPAGO
adallye6-_.,TCREDITO
slummr3-_.,RECIBO
dnisiusog-_.,PINPAGO
cspawellnd-_.,TDEBITO
rlaughlanep-_.,TCREDITO
ldebenedictisc1-_.,RECIBO
rpounsett3k-_.,RECIBO
gfrostdickl9-_.,TDEBITO
bpepis3f-_.,PINPAGO
bjaumeoy-_.,PINPAGO
jnewsone8-_.,RECIBO
hbalkwills-_.,TDEBITO
vskeechm9-_.,PINPAGO
plowreynk-_.,TCREDITO
fcopoziojp-_.,RECIBO
adudmeshki-_.,TCREDITO
eeglise2y-_.,PINPAGO
mthornebarrownw-_.,TCREDITO
evalenteqg-_.,TCREDITO
stheyer12-_.,RECIBO
byeuletqj-_.,RECIBO
hwakerleymx-_.,RECIBO
cwhitehurst2l-_.,PINPAGO
ggoddmanhv-_.,PINPAGO
abitchener4x-_.,TDEBITO
gmaryottfn-_.,TCREDITO
aeastgateh9-_.,RECIBO
igoldupv-_.,TDEBITO
jstridem4-_.,TCREDITO
hmalsterb3-_.,PINPAGO
edolleyqs-_.,TCREDITO
xbagshawe2-_.,TCREDITO
elimpkinpf-_.,RECIBO
nmcbeithk-_.,TCREDITO
cquartonkg-_.,TDEBITO
ncosgriffip-_.,TDEBITO
aworlockbo-_.,RECIBO
elimpkinpf-_.,RECIBO
emerittb4-_.,PINPAGO
snewlandg-_.,TDEBITO
jshakeladybu-_.,TCREDITO
lwillacot4z-_.,RECIBO
tshakshaftik-_.,RECIBO
obachis-_.,PINPAGO
aibesono8-_.,TDEBITO
wolpin9k-_.,TDEBITO
pcolemq-_.,RECIBO
stappingtonev-_.,TDEBITO
moglessaneqh-_.,TDEBITO
tjellislu-_.,TDEBITO
llangdalem8-_.,TCREDITO
oblodget40-_.,PINPAGO
jgodlontono7-_.,TCREDITO
edewersonhn-_.,PINPAGO
dgrishukova9-_.,TDEBITO
tliversidge67-_.,TDEBITO
hmusso88-_.,TDEBITO
blevings6z-_.,TDEBITO
mjudsongg-_.,TCREDITO
mholliganrn-_.,RECIBO
kbaystonqy-_.,TDEBITO
fweinhamnl-_.,RECIBO
sbateson9y-_.,TDEBITO
mdarteh-_.,PINPAGO
bvarvaragq-_.,RECIBO
obachis-_.,RECIBO
mmicklewright2h-_.,RECIBO
bvarvaragq-_.,PINPAGO
cbeggiodu-_.,TCREDITO
mhaskeyde-_.,PINPAGO
kbraniffdf-_.,TCREDITO
bpetruschg1-_.,PINPAGO
dcheverell6h-_.,PINPAGO
rmiles2j-_.,TDEBITO
kstadenln-_.,TDEBITO
jpapisc7-_.,TDEBITO
lcasse4t-_.,PINPAGO
clebretonnm-_.,RECIBO
totuohy5-_.,PINPAGO
cblindjj-_.,TCREDITO
tpolini7s-_.,RECIBO
tbaxt-_.,RECIBO
tkevisbm-_.,RECIBO
mhaskeyde-_.,TDEBITO
areubelr1-_.,RECIBO
svaggscv-_.,TDEBITO
imonteithlr-_.,RECIBO
dgerritjw-_.,PINPAGO
lpetrushanko9w-_.,TDEBITO
apurchesqz-_.,TDEBITO
ajerdanpt-_.,RECIBO
dcharettejl-_.,TCREDITO
cfishpondld-_.,TCREDITO
rinkinfg-_.,PINPAGO
anowakowska3w-_.,TCREDITO
chadlandia-_.,PINPAGO
hmalenfantlz-_.,RECIBO
alickessj8-_.,TDEBITO
hsaulterq9-_.,RECIBO
kdobererml-_.,TDEBITO
ksandersonkp-_.,TCREDITO
mzmitrovichfp-_.,RECIBO
jlodoo-_.,TCREDITO
klurcockod-_.,RECIBO
gwarlow9t-_.,TCREDITO
gbernardtla-_.,TDEBITO
rpyper3v-_.,PINPAGO
jlyster5w-_.,PINPAGO
lmaddysonne-_.,RECIBO
echinnickn7-_.,TCREDITO
tblamey8s-_.,TDEBITO
tjanceyhe-_.,TCREDITO
sdupre32-_.,PINPAGO
hmaccurtain23-_.,TDEBITO
cbeggiodu-_.,TCREDITO
gshailerq1-_.,PINPAGO
agreethamgu-_.,PINPAGO
dsangwinei5-_.,TCREDITO
cjanssens8b-_.,TCREDITO
tpratleyo5-_.,PINPAGO
tdarvillect-_.,PINPAGO
hfoffano31-_.,TCREDITO
vollivierreet-_.,RECIBO
acathcartnt-_.,TCREDITO
spriorcc-_.,TCREDITO
clundongk-_.,RECIBO
cjanssens8b-_.,TDEBITO
ccarrollaf-_.,TCREDITO
fbroadishx-_.,TCREDITO
mbezemerr8-_.,RECIBO
cmackettfj-_.,TDEBITO
aeccottmf-_.,TCREDITO
lrowesao-_.,TDEBITO
asangra7u-_.,TCREDITO
wnathan72-_.,TDEBITO
dsprymv-_.,TDEBITO
hdenshamu-_.,RECIBO
kflanaghan85-_.,TCREDITO
snewlandg-_.,PINPAGO
wgrevattfb-_.,PINPAGO
pplaylepo-_.,TCREDITO
fcursonj4-_.,TCREDITO
jbolliverdp-_.,RECIBO
sgeeringqt-_.,TDEBITO
cestabrookqc-_.,PINPAGO
kdeferrari4b-_.,TCREDITO
vcashe7-_.,TCREDITO
kstearndaleg6-_.,RECIBO
rmccullough4h-_.,RECIBO
cfishpondld-_.,TCREDITO
billesleyz-_.,TCREDITO
aseywood28-_.,PINPAGO
gwiltshire5m-_.,TCREDITO
bkubickale-_.,RECIBO
dleppardo0-_.,TDEBITO
gdunawayms-_.,TCREDITO
lhedneyq4-_.,PINPAGO
lbearfoot5r-_.,PINPAGO
thowlinpw-_.,PINPAGO
mduiguidf2-_.,TCREDITO
aarkill66-_.,TCREDITO
psabbinsmw-_.,RECIBO
bharberit-_.,RECIBO
dpaffettoe-_.,TDEBITO
cblindjj-_.,TCREDITO
igontierjz-_.,RECIBO
vbromidge2r-_.,RECIBO
hthunderchiefhr-_.,PINPAGO
mclackson9i-_.,TDEBITO
adudmeshki-_.,TDEBITO
jpapisc7-_.,TCREDITO
wmcelreem6-_.,TDEBITO
agillow7l-_.,PINPAGO
bcornner8m-_.,TCREDITO
nsmoote8l-_.,RECIBO
mtolle3x-_.,PINPAGO
pbedinhamhg-_.,RECIBO
cracebz-_.,PINPAGO
igoldupv-_.,TDEBITO
mgosenellom-_.,TCREDITO
sheaslip1b-_.,RECIBO
rmaffeib5-_.,PINPAGO
tdecarolikq-_.,TCREDITO
triddleren-_.,RECIBO
mmattevir9-_.,TDEBITO
todonoghue2p-_.,PINPAGO
esuttabyfs-_.,RECIBO
oharringtonnp-_.,PINPAGO
ijeffcock2n-_.,TCREDITO
byeuletqj-_.,PINPAGO
alumoxaz-_.,RECIBO
tdunbabinc6-_.,TCREDITO
azavatteroc2-_.,RECIBO
jvereckerjt-_.,TDEBITO
sbasinigazzimg-_.,PINPAGO
landersen93-_.,TCREDITO
clebretonnm-_.,PINPAGO
bsurgenorkz-_.,TCREDITO
rmccullough4h-_.,TCREDITO
aduckering34-_.,TCREDITO
cchastonfq-_.,TCREDITO
ajaumetav-_.,PINPAGO
cbreming7e-_.,PINPAGO
mtarquinilb-_.,RECIBO
bglanzl6-_.,TCREDITO
enieceql-_.,TCREDITO
schevins6v-_.,RECIBO
ccarrollaf-_.,TCREDITO
gbernardez9b-_.,RECIBO
vjorgefd-_.,TDEBITO
kreacekx-_.,RECIBO
gbernardez9b-_.,RECIBO
sbateson9y-_.,PINPAGO
hscrymgeourdc-_.,PINPAGO
bkristof6m-_.,TDEBITO
llangdalem8-_.,PINPAGO
gscoulerm0-_.,TDEBITO
vshallikerj5-_.,TDEBITO
cturmelho-_.,PINPAGO
tdarvillect-_.,TDEBITO
mpottery-_.,PINPAGO
dlanyonj7-_.,RECIBO
jbowland1r-_.,TCREDITO
tcohan20-_.,TDEBITO
ajerdanpt-_.,PINPAGO
lbensley9e-_.,TCREDITO
kkenewello-_.,TCREDITO
csanchesoc-_.,PINPAGO
fbroadishx-_.,TDEBITO
acastrillo78-_.,RECIBO
gshailerq1-_.,TDEBITO
lwilmotti8-_.,PINPAGO
vcashe7-_.,RECIBO
bscrammagea1-_.,PINPAGO
ofarmanig-_.,TDEBITO
stappingtonev-_.,TCREDITO
nmayohhu-_.,TDEBITO
gmaryottfn-_.,TCREDITO
glegallepd-_.,TDEBITO
swraithqr-_.,RECIBO
lsysland7d-_.,TCREDITO
mmaclaughlines-_.,TDEBITO
jcrookallqb-_.,TDEBITO
sdeboick9z-_.,PINPAGO
lwilmotti8-_.,TDEBITO
khartwright76-_.,RECIBO
nibbette9-_.,PINPAGO
aduckering34-_.,RECIBO
fpellamonutenh4-_.,PINPAGO
vjorgefd-_.,TCREDITO
klurcockod-_.,RECIBO
chanbyg3-_.,TDEBITO
ggoddmanhv-_.,RECIBO
mprandoniim-_.,RECIBO
emerittb4-_.,TCREDITO
imonteithlr-_.,RECIBO
ccowin8-_.,TDEBITO
broussellgw-_.,RECIBO
smertonfe-_.,TCREDITO
wswindleyl5-_.,TDEBITO
rmoncreiffecy-_.,TDEBITO
eryde9c-_.,RECIBO
cmackettfj-_.,TCREDITO
rcasseq5-_.,TDEBITO
gtoffanelligh-_.,RECIBO
rratchford4-_.,PINPAGO
lpetrushanko9w-_.,TCREDITO
hdenshamu-_.,TCREDITO
rkermathph-_.,TCREDITO
kblythed8-_.,PINPAGO
fmarietono2-_.,TDEBITO
pfowlstonna-_.,TCREDITO
jdanigeldv-_.,PINPAGO
kdraggema-_.,PINPAGO
mpottery-_.,RECIBO
fcursonj4-_.,TCREDITO
aibesono8-_.,RECIBO
daldricklp-_.,RECIBO
dryson4v-_.,RECIBO
elathwood7m-_.,TCREDITO
abrumheadp8-_.,RECIBO
obeavors6d-_.,PINPAGO
tmea77-_.,TCREDITO
fpellamonutenh4-_.,PINPAGO
glegallepd-_.,TDEBITO
remenyay-_.,TCREDITO
lwillacot4z-_.,PINPAGO
mdehnow-_.,RECIBO
kkarpfen52-_.,TCREDITO
aeastgateh9-_.,TCREDITO
ddigancen1-_.,RECIBO
rhundal2u-_.,TCREDITO
ncosgriffip-_.,RECIBO
bvarvaragq-_.,RECIBO
cmacrinnku-_.,RECIBO
tpolini7s-_.,RECIBO
alamswoodh1-_.,RECIBO
tportrissai-_.,TCREDITO
bgeorgelkw-_.,TDEBITO
ftaytnh-_.,PINPAGO
ishoutefk-_.,RECIBO
ddigancen1-_.,PINPAGO
daaronsonbh-_.,TDEBITO
lruprecht8y-_.,RECIBO
cbranscomb22-_.,TCREDITO
igilkison6g-_.,TDEBITO
emcglashan9x-_.,TCREDITO
sbaverstockk7-_.,TDEBITO
fmarikhin45-_.,TDEBITO
lwollardfw-_.,TDEBITO
mthornebarrownw-_.,TDEBITO
mjudsongg-_.,TCREDITO
sindgs64-_.,TCREDITO
edolleyqs-_.,RECIBO
dwoloschin56-_.,TDEBITO
ajensen6n-_.,TDEBITO
bcurm4q-_.,TDEBITO
sludovicia-_.,TDEBITO
jmayceydz-_.,PINPAGO
toldey2b-_.,PINPAGO
opashencs-_.,TCREDITO
lmaddysonne-_.,RECIBO
hbenil-_.,TCREDITO
bgeorgelkw-_.,PINPAGO
afarrington16-_.,RECIBO
ldranfieldii-_.,TCREDITO
remenyay-_.,TCREDITO
twillowaylg-_.,PINPAGO
bminocchikm-_.,PINPAGO
hballefantej-_.,PINPAGO
sdearedt-_.,TCREDITO
phalshawfa-_.,RECIBO
ldebenedictisc1-_.,PINPAGO
lsugarsjm-_.,TDEBITO
jmandreshz-_.,TDEBITO
tpiaggianz-_.,TDEBITO
htheunissenbn-_.,RECIBO
adunstallhm-_.,PINPAGO
pfowlstonna-_.,PINPAGO
cipsley4y-_.,TCREDITO
kbeddoeij-_.,TCREDITO
wgrevattfb-_.,PINPAGO
mbonwickjv-_.,TCREDITO
nmacparlan11-_.,TDEBITO
bbroe18-_.,RECIBO
abitchener4x-_.,RECIBO
ksambalsf4-_.,TCREDITO
paston1o-_.,RECIBO
jmeldrum54-_.,PINPAGO
aiddins1c-_.,RECIBO
ltrenouth3b-_.,TDEBITO
fcopoziojp-_.,RECIBO
lfloriops-_.,RECIBO
hjorck8h-_.,PINPAGO
ekebell8o-_.,TDEBITO
mheinle9f-_.,TCREDITO
mfullalovefv-_.,RECIBO
tsimicbl-_.,RECIBO
scrabtreepx-_.,RECIBO
fsweeten1y-_.,TDEBITO
chutchencebs-_.,PINPAGO
ibradnickn3-_.,RECIBO
ameryettag-_.,TDEBITO
rgillion6-_.,RECIBO
asangra7u-_.,TCREDITO
oglasspoolnu-_.,PINPAGO
cleachman33-_.,RECIBO
lbrennenh5-_.,TCREDITO
emadeley60-_.,RECIBO
medmundsgc-_.,RECIBO
fpostins9a-_.,TDEBITO
toldcroftlt-_.,RECIBO
cracebz-_.,PINPAGO
jtofftspz-_.,PINPAGO
ccowin8-_.,TDEBITO
gtutselllk-_.,TDEBITO
gmcnaebc-_.,TCREDITO
tberends38-_.,RECIBO
tjellislu-_.,TDEBITO
bcunde3h-_.,RECIBO
hmalenfantlz-_.,PINPAGO
holiphant2-_.,TCREDITO
mzink55-_.,PINPAGO
scrabtreepx-_.,PINPAGO
psabbinsmw-_.,PINPAGO
ccowin8-_.,TDEBITO
rfearqu-_.,PINPAGO
hbursnollja-_.,PINPAGO
ztideswelloz-_.,PINPAGO
rgrouveli4-_.,PINPAGO
htheunissenbn-_.,TCREDITO
bnazarethoh-_.,PINPAGO
fbroadishx-_.,TDEBITO
pbergstrandp6-_.,RECIBO
oschreurspe-_.,PINPAGO
zjoskowitz7w-_.,RECIBO
dpattersonls-_.,TCREDITO
lweeddb-_.,PINPAGO
ccattelj-_.,TDEBITO
wgrevattfb-_.,RECIBO
dstookesan-_.,RECIBO
mlambornk2-_.,RECIBO
cisaaksohn3g-_.,RECIBO
adallye6-_.,TDEBITO
bstoppsiz-_.,RECIBO
cdannehllc-_.,RECIBO
ncosgriffip-_.,TDEBITO
ldoio-_.,RECIBO
hdigiacomettinori-_.,TDEBITO
dstorrock94-_.,TCREDITO
lwarrack1m-_.,PINPAGO
yparsellmc-_.,TDEBITO
ekebell8o-_.,TDEBITO
rharnwellbw-_.,TCREDITO
alevesleyoi-_.,PINPAGO
czanicchiko-_.,PINPAGO
pdanslow26-_.,TCREDITO
bkilbey44-_.,TDEBITO
mjoist3m-_.,RECIBO
rpyper3v-_.,PINPAGO
acathcartnt-_.,RECIBO
jpalatino7x-_.,TDEBITO
triddlerhl-_.,TCREDITO
hhenrietra-_.,TDEBITO
wameykl-_.,RECIBO
tpiaggianz-_.,TDEBITO
cgriffiths75-_.,TCREDITO
pcasarilimj-_.,PINPAGO
lgoosnellmm-_.,TDEBITO
epettet7f-_.,TCREDITO
clesurfoo-_.,PINPAGO
ltieman21-_.,TDEBITO
mpetrusch5n-_.,PINPAGO
gbrashbr-_.,PINPAGO
ftaytnh-_.,TDEBITO
ahaug3y-_.,PINPAGO
tshakshaftik-_.,PINPAGO
sgeeringqt-_.,PINPAGO
dbuxton5k-_.,RECIBO
amortlocknj-_.,RECIBO
lbearfoot5r-_.,RECIBO
wgrevattfb-_.,TCREDITO
fcammocke68-_.,TDEBITO
ajensen6n-_.,TCREDITO
icoggan2k-_.,TDEBITO
schopinkt-_.,RECIBO
ghellyarin-_.,TCREDITO
pwalford9h-_.,TCREDITO
elyndon1x-_.,RECIBO
sgawneof-_.,RECIBO
mduiguidf2-_.,TCREDITO
sbaynhamez-_.,PINPAGO
wcarloo3-_.,TCREDITO
ioboylek1-_.,PINPAGO
rbrotheridge1w-_.,TCREDITO
ggreystock8g-_.,TDEBITO
jbrome2g-_.,PINPAGO
mtolle3x-_.,PINPAGO
avardyc5-_.,TCREDITO
omcdarmidly-_.,TDEBITO
avannsqx-_.,PINPAGO
rinkinfg-_.,TCREDITO
totuohy5-_.,RECIBO
breucastleaa-_.,TDEBITO
cbaude7t-_.,TDEBITO
fkupker30-_.,TDEBITO
mavramovich1s-_.,PINPAGO
htheunissenbn-_.,PINPAGO
rgrouveli4-_.,PINPAGO
cwadesworthj2-_.,TDEBITO
acovert9u-_.,PINPAGO
gszymonowiczd7-_.,TCREDITO
oschreurspe-_.,RECIBO
ajaumetav-_.,TCREDITO
aeastgateh9-_.,TCREDITO
ibertn4-_.,PINPAGO
tlygoeek-_.,TDEBITO
csanchesoc-_.,PINPAGO
bvarvaragq-_.,RECIBO
ebiddle51-_.,TDEBITO
pbonhanc8-_.,TDEBITO
sokeevan83-_.,RECIBO
aesilmoni2-_.,RECIBO
pmackenziep2-_.,TCREDITO
echasneyha-_.,RECIBO
kioan81-_.,RECIBO
mbeathemj6-_.,PINPAGO
lcrichtenkc-_.,PINPAGO
jgoggins2o-_.,TCREDITO
icranmere3r-_.,TDEBITO
enieceql-_.,RECIBO
rgrouveli4-_.,RECIBO
ajaumetav-_.,RECIBO
ahaylejr-_.,TCREDITO
kflanaghan85-_.,TDEBITO
vmccardlek6-_.,RECIBO
ccoldtart7a-_.,RECIBO
tmccarlie4n-_.,TDEBITO
lscamadincq-_.,TDEBITO
rbrotheridge1w-_.,TCREDITO
rrought3q-_.,RECIBO
gbrashbr-_.,TCREDITO
abottjern0-_.,TCREDITO
bcurm4q-_.,TDEBITO
sgrewer1h-_.,PINPAGO
awolford14-_.,RECIBO
fraistonpi-_.,TDEBITO
kbarhims1t-_.,TCREDITO
kbarbarae3-_.,TCREDITO
vlucus63-_.,TDEBITO
kpiserp-_.,PINPAGO
bdiddamsf5-_.,PINPAGO
adelort7b-_.,RECIBO
aarkill66-_.,TCREDITO
gcastellettiif-_.,PINPAGO
dbrixey99-_.,PINPAGO
ibradnickn3-_.,TCREDITO
edenselleu-_.,TCREDITO
hbailessah-_.,TCREDITO
emyriep1-_.,TCREDITO
